,Series Name
93,Net official development assistance and official aid received (constant 2021 US$)
95,Net official development assistance received (constant 2021 US$)
166,"Agriculture, forestry, and fishing, value added (constant 2015 US$)"
167,"Agriculture, forestry, and fishing, value added (constant LCU)"
170,"Agriculture, forestry, and fishing, value added per worker (constant 2015 US$)"
196,Carbon intensity of GDP (kg CO2e per constant 2015 US$ of GDP)
200,Changes in inventories (constant LCU)
217,Exports as a capacity to import (constant LCU)
219,Exports of goods and services (constant 2015 US$)
220,Exports of goods and services (constant LCU)
229,Final consumption expenditure (constant 2015 US$)
230,Final consumption expenditure (constant LCU)
240,GDP (constant 2015 US$)
241,GDP (constant LCU)
246,GDP per capita (constant 2015 US$)
247,GDP per capita (constant LCU)
250,"GDP per capita, PPP (constant 2021 international $)"
252,GDP per person employed (constant 2021 PPP $)
253,"GDP, PPP (constant 2021 international $)"
256,General government final consumption expenditure (constant 2015 US$)
257,General government final consumption expenditure (constant LCU)
260,GNI (constant 2015 US$)
261,GNI (constant LCU)
264,GNI per capita (constant 2015 US$)
265,GNI per capita (constant LCU)
268,"GNI per capita, PPP (constant 2021 international $)"
271,"GNI, PPP (constant 2021 international $)"
280,Gross domestic income (constant LCU)
283,Gross fixed capital formation (constant 2015 US$)
284,Gross fixed capital formation (constant LCU)
292,Gross value added at basic prices (GVA) (constant 2015 US$)
293,Gross value added at basic prices (GVA) (constant LCU)
296,Households and NPISHs Final consumption expenditure (constant 2015 US$)
297,Households and NPISHs Final consumption expenditure (constant LCU)
300,Households and NPISHs Final consumption expenditure per capita (constant 2015 US$)
301,"Households and NPISHs Final consumption expenditure, PPP (constant 2021 international $)"
306,Imports of goods and services (constant 2015 US$)
307,Imports of goods and services (constant LCU)
314,"Industry (including construction), value added (constant 2015 US$)"
315,"Industry (including construction), value added (constant LCU)"
318,"Industry (including construction), value added per worker (constant 2015 US$)"
332,"Manufacturing, value added (constant 2015 US$)"
333,"Manufacturing, value added (constant LCU)"
371,"Net ODA provided, total (constant 2021 US$)"
446,"Services, value added (constant 2015 US$)"
447,"Services, value added (constant LCU)"
450,"Services, value added per worker (constant 2015 US$)"
455,Taxes less subsidies on products (constant LCU)
461,Terms of trade adjustment (constant LCU)
469,"Water productivity, total (constant 2015 US$ GDP per cubic meter of total freshwater withdrawal)"
471,Adjusted net national income (constant 2015 US$)
473,Adjusted net national income per capita (constant 2015 US$)
484,"Agriculture, forestry, and fishing, value added (constant 2015 US$)"
485,"Agriculture, forestry, and fishing, value added (constant LCU)"
488,"Agriculture, forestry, and fishing, value added per worker (constant 2015 US$)"
512,Carbon intensity of GDP (kg CO2e per constant 2015 US$ of GDP)
524,Exports as a capacity to import (constant LCU)
525,Exports of goods and services (constant 2015 US$)
526,Exports of goods and services (constant LCU)
529,External balance on goods and services (constant LCU)
535,Final consumption expenditure (constant 2015 US$)
536,Final consumption expenditure (constant LCU)
545,GDP (constant 2015 US$)
546,GDP (constant LCU)
551,GDP per capita (constant 2015 US$)
552,GDP per capita (constant LCU)
555,"GDP per capita, PPP (constant 2021 international $)"
557,GDP per person employed (constant 2021 PPP $)
558,"GDP, PPP (constant 2021 international $)"
561,General government final consumption expenditure (constant 2015 US$)
562,General government final consumption expenditure (constant LCU)
565,GNI (constant 2015 US$)
566,GNI (constant LCU)
569,GNI per capita (constant 2015 US$)
570,GNI per capita (constant LCU)
573,"GNI per capita, PPP (constant 2021 international $)"
576,"GNI, PPP (constant 2021 international $)"
581,Gross capital formation (constant 2015 US$)
582,Gross capital formation (constant LCU)
585,Gross domestic income (constant LCU)
588,Gross fixed capital formation (constant 2015 US$)
589,Gross fixed capital formation (constant LCU)
592,Gross national expenditure (constant 2015 US$)
593,Gross national expenditure (constant LCU)
597,Gross value added at basic prices (GVA) (constant 2015 US$)
598,Gross value added at basic prices (GVA) (constant LCU)
602,Households and NPISHs Final consumption expenditure (constant 2015 US$)
603,Households and NPISHs Final consumption expenditure (constant LCU)
606,Households and NPISHs Final consumption expenditure per capita (constant 2015 US$)
607,"Households and NPISHs Final consumption expenditure, PPP (constant 2021 international $)"
610,Imports of goods and services (constant 2015 US$)
611,Imports of goods and services (constant LCU)
616,"Industry (including construction), value added (constant 2015 US$)"
617,"Industry (including construction), value added (constant LCU)"
620,"Industry (including construction), value added per worker (constant 2015 US$)"
633,"Manufacturing, value added (constant 2015 US$)"
634,"Manufacturing, value added (constant LCU)"
665,"Net ODA provided, total (constant 2021 US$)"
667,Net primary income (Net income from abroad) (constant LCU)
731,"Services, value added (constant 2015 US$)"
732,"Services, value added (constant LCU)"
735,"Services, value added per worker (constant 2015 US$)"
741,Taxes less subsidies on products (constant LCU)
746,Terms of trade adjustment (constant LCU)
753,"Water productivity, total (constant 2015 US$ GDP per cubic meter of total freshwater withdrawal)"
755,Adjusted net national income (constant 2015 US$)
757,Adjusted net national income per capita (constant 2015 US$)
772,"Agriculture, forestry, and fishing, value added (constant 2015 US$)"
773,"Agriculture, forestry, and fishing, value added (constant LCU)"
776,"Agriculture, forestry, and fishing, value added per worker (constant 2015 US$)"
799,Carbon intensity of GDP (kg CO2e per constant 2015 US$ of GDP)
819,Exports as a capacity to import (constant LCU)
821,Exports of goods and services (constant 2015 US$)
822,Exports of goods and services (constant LCU)
835,Final consumption expenditure (constant 2015 US$)
836,Final consumption expenditure (constant LCU)
846,GDP (constant 2015 US$)
847,GDP (constant LCU)
852,GDP per capita (constant 2015 US$)
853,GDP per capita (constant LCU)
856,"GDP per capita, PPP (constant 2021 international $)"
858,GDP per person employed (constant 2021 PPP $)
859,"GDP, PPP (constant 2021 international $)"
862,General government final consumption expenditure (constant 2015 US$)
863,General government final consumption expenditure (constant LCU)
877,Gross capital formation (constant 2015 US$)
878,Gross capital formation (constant LCU)
881,Gross domestic income (constant LCU)
884,Gross fixed capital formation (constant 2015 US$)
885,Gross fixed capital formation (constant LCU)
889,Gross national expenditure (constant 2015 US$)
890,Gross national expenditure (constant LCU)
896,Gross value added at basic prices (GVA) (constant 2015 US$)
897,Gross value added at basic prices (GVA) (constant LCU)
900,Households and NPISHs Final consumption expenditure (constant 2015 US$)
901,Households and NPISHs Final consumption expenditure (constant LCU)
904,Households and NPISHs Final consumption expenditure per capita (constant 2015 US$)
905,"Households and NPISHs Final consumption expenditure, PPP (constant 2021 international $)"
916,Imports of goods and services (constant 2015 US$)
917,Imports of goods and services (constant LCU)
926,"Industry (including construction), value added (constant 2015 US$)"
927,"Industry (including construction), value added (constant LCU)"
930,"Industry (including construction), value added per worker (constant 2015 US$)"
938,"Manufacturing, value added (constant 2015 US$)"
939,"Manufacturing, value added (constant LCU)"
1007,Net official development assistance and official aid received (constant 2021 US$)
1009,Net official development assistance received (constant 2021 US$)
1085,"Services, value added (constant 2015 US$)"
1086,"Services, value added (constant LCU)"
1089,"Services, value added per worker (constant 2015 US$)"
1093,Taxes less subsidies on products (constant LCU)
1097,Terms of trade adjustment (constant LCU)
1108,Adjusted net national income (constant 2015 US$)
1110,Adjusted net national income per capita (constant 2015 US$)
1122,"Agriculture, forestry, and fishing, value added (constant 2015 US$)"
1123,"Agriculture, forestry, and fishing, value added (constant LCU)"
1126,"Agriculture, forestry, and fishing, value added per worker (constant 2015 US$)"
1150,Carbon intensity of GDP (kg CO2e per constant 2015 US$ of GDP)
1161,Exports as a capacity to import (constant LCU)
1162,Exports of goods and services (constant 2015 US$)
1163,Exports of goods and services (constant LCU)
1166,External balance on goods and services (constant LCU)
1171,Final consumption expenditure (constant 2015 US$)
1172,Final consumption expenditure (constant LCU)
1179,GDP (constant 2015 US$)
1180,GDP (constant LCU)
1185,GDP per capita (constant 2015 US$)
1186,GDP per capita (constant LCU)
1189,"GDP per capita, PPP (constant 2021 international $)"
1191,GDP per person employed (constant 2021 PPP $)
1192,"GDP, PPP (constant 2021 international $)"
1195,General government final consumption expenditure (constant 2015 US$)
1196,General government final consumption expenditure (constant LCU)
1199,GNI (constant 2015 US$)
1200,GNI (constant LCU)
1203,GNI per capita (constant 2015 US$)
1204,GNI per capita (constant LCU)
1207,"GNI per capita, PPP (constant 2021 international $)"
1210,"GNI, PPP (constant 2021 international $)"
1215,Gross capital formation (constant 2015 US$)
1216,Gross capital formation (constant LCU)
1219,Gross domestic income (constant LCU)
1222,Gross fixed capital formation (constant 2015 US$)
1223,Gross fixed capital formation (constant LCU)
1226,Gross national expenditure (constant 2015 US$)
1227,Gross national expenditure (constant LCU)
1231,Gross value added at basic prices (GVA) (constant 2015 US$)
1232,Gross value added at basic prices (GVA) (constant LCU)
1235,Households and NPISHs Final consumption expenditure (constant 2015 US$)
1236,Households and NPISHs Final consumption expenditure (constant LCU)
1239,Households and NPISHs Final consumption expenditure per capita (constant 2015 US$)
1240,"Households and NPISHs Final consumption expenditure, PPP (constant 2021 international $)"
1243,Imports of goods and services (constant 2015 US$)
1244,Imports of goods and services (constant LCU)
1250,"Industry (including construction), value added (constant 2015 US$)"
1251,"Industry (including construction), value added (constant LCU)"
1254,"Industry (including construction), value added per worker (constant 2015 US$)"
1261,"Manufacturing, value added (constant 2015 US$)"
1262,"Manufacturing, value added (constant LCU)"
1292,"Net ODA provided, total (constant 2021 US$)"
1294,Net primary income (Net income from abroad) (constant LCU)
1354,"Services, value added (constant 2015 US$)"
1355,"Services, value added (constant LCU)"
1358,"Services, value added per worker (constant 2015 US$)"
1364,Taxes less subsidies on products (constant LCU)
1369,Terms of trade adjustment (constant LCU)
1376,"Water productivity, total (constant 2015 US$ GDP per cubic meter of total freshwater withdrawal)"
1379,Adjusted net national income (constant 2015 US$)
1381,Adjusted net national income per capita (constant 2015 US$)
1419,Carbon intensity of GDP (kg CO2e per constant 2015 US$ of GDP)
1435,Discrepancy in expenditure estimate of GDP (constant LCU)
1438,Exports as a capacity to import (constant LCU)
1440,Exports of goods and services (constant 2015 US$)
1441,Exports of goods and services (constant LCU)
1445,External balance on goods and services (constant LCU)
1451,Final consumption expenditure (constant 2015 US$)
1452,Final consumption expenditure (constant LCU)
1462,GDP (constant 2015 US$)
1463,GDP (constant LCU)
1468,GDP per capita (constant 2015 US$)
1469,GDP per capita (constant LCU)
1472,"GDP per capita, PPP (constant 2021 international $)"
1474,GDP per person employed (constant 2021 PPP $)
1475,"GDP, PPP (constant 2021 international $)"
1478,General government final consumption expenditure (constant 2015 US$)
1479,General government final consumption expenditure (constant LCU)
1482,GNI (constant 2015 US$)
1483,GNI (constant LCU)
1486,GNI per capita (constant 2015 US$)
1487,GNI per capita (constant LCU)
1490,"GNI per capita, PPP (constant 2021 international $)"
1493,"GNI, PPP (constant 2021 international $)"
1500,Gross capital formation (constant 2015 US$)
1501,Gross capital formation (constant LCU)
1504,Gross domestic income (constant LCU)
1507,Gross fixed capital formation (constant 2015 US$)
1508,Gross fixed capital formation (constant LCU)
1511,Gross national expenditure (constant 2015 US$)
1512,Gross national expenditure (constant LCU)
1520,Households and NPISHs Final consumption expenditure (constant 2015 US$)
1521,Households and NPISHs Final consumption expenditure (constant LCU)
1524,Households and NPISHs Final consumption expenditure per capita (constant 2015 US$)
1525,"Households and NPISHs Final consumption expenditure, PPP (constant 2021 international $)"
1530,Imports of goods and services (constant 2015 US$)
1531,Imports of goods and services (constant LCU)
1588,"Net ODA provided, total (constant 2021 US$)"
1591,Net primary income (Net income from abroad) (constant LCU)
1671,Terms of trade adjustment (constant LCU)
1679,"Water productivity, total (constant 2015 US$ GDP per cubic meter of total freshwater withdrawal)"
1682,Adjusted net national income (constant 2015 US$)
1684,Adjusted net national income per capita (constant 2015 US$)
1697,"Agriculture, forestry, and fishing, value added (constant 2015 US$)"
1698,"Agriculture, forestry, and fishing, value added (constant LCU)"
1701,"Agriculture, forestry, and fishing, value added per worker (constant 2015 US$)"
1716,Carbon intensity of GDP (kg CO2e per constant 2015 US$ of GDP)
1719,Changes in inventories (constant LCU)
1736,Exports as a capacity to import (constant LCU)
1737,Exports of goods and services (constant 2015 US$)
1738,Exports of goods and services (constant LCU)
1750,Final consumption expenditure (constant 2015 US$)
1751,Final consumption expenditure (constant LCU)
1760,GDP (constant 2015 US$)
1761,GDP (constant LCU)
1766,GDP per capita (constant 2015 US$)
1767,GDP per capita (constant LCU)
1770,"GDP per capita, PPP (constant 2021 international $)"
1772,GDP per person employed (constant 2021 PPP $)
1773,"GDP, PPP (constant 2021 international $)"
1776,General government final consumption expenditure (constant 2015 US$)
1777,General government final consumption expenditure (constant LCU)
1780,GNI (constant 2015 US$)
1781,GNI (constant LCU)
1784,GNI per capita (constant 2015 US$)
1785,GNI per capita (constant LCU)
1788,"GNI per capita, PPP (constant 2021 international $)"
1791,"GNI, PPP (constant 2021 international $)"
1797,Gross capital formation (constant 2015 US$)
1798,Gross capital formation (constant LCU)
1801,Gross domestic income (constant LCU)
1804,Gross fixed capital formation (constant 2015 US$)
1805,Gross fixed capital formation (constant LCU)
1809,Gross national expenditure (constant 2015 US$)
1810,Gross national expenditure (constant LCU)
1814,Gross value added at basic prices (GVA) (constant 2015 US$)
1815,Gross value added at basic prices (GVA) (constant LCU)
1818,Households and NPISHs Final consumption expenditure (constant 2015 US$)
1819,Households and NPISHs Final consumption expenditure (constant LCU)
1822,Households and NPISHs Final consumption expenditure per capita (constant 2015 US$)
1823,"Households and NPISHs Final consumption expenditure, PPP (constant 2021 international $)"
1832,Imports of goods and services (constant 2015 US$)
1833,Imports of goods and services (constant LCU)
1839,"Industry (including construction), value added (constant 2015 US$)"
1840,"Industry (including construction), value added (constant LCU)"
1843,"Industry (including construction), value added per worker (constant 2015 US$)"
1850,"Manufacturing, value added (constant 2015 US$)"
1851,"Manufacturing, value added (constant LCU)"
1904,Net official development assistance and official aid received (constant 2021 US$)
1906,Net official development assistance received (constant 2021 US$)
1964,"Services, value added (constant 2015 US$)"
1965,"Services, value added (constant LCU)"
1968,"Services, value added per worker (constant 2015 US$)"
1979,Terms of trade adjustment (constant LCU)
2002,"Agriculture, forestry, and fishing, value added (constant 2015 US$)"
2003,"Agriculture, forestry, and fishing, value added (constant LCU)"
2006,"Agriculture, forestry, and fishing, value added per worker (constant 2015 US$)"
2027,Carbon intensity of GDP (kg CO2e per constant 2015 US$ of GDP)
2061,GDP (constant 2015 US$)
2062,GDP (constant LCU)
2067,GDP per capita (constant 2015 US$)
2068,GDP per capita (constant LCU)
2071,"GDP per capita, PPP (constant 2021 international $)"
2073,GDP per person employed (constant 2021 PPP $)
2074,"GDP, PPP (constant 2021 international $)"
2092,Gross value added at basic prices (GVA) (constant 2015 US$)
2093,Gross value added at basic prices (GVA) (constant LCU)
2108,"Industry (including construction), value added (constant 2015 US$)"
2109,"Industry (including construction), value added (constant LCU)"
2112,"Industry (including construction), value added per worker (constant 2015 US$)"
2121,"Manufacturing, value added (constant 2015 US$)"
2122,"Manufacturing, value added (constant LCU)"
2187,Net official development assistance and official aid received (constant 2021 US$)
2189,Net official development assistance received (constant 2021 US$)
2266,"Services, value added (constant 2015 US$)"
2267,"Services, value added (constant LCU)"
2270,"Services, value added per worker (constant 2015 US$)"
2275,Taxes less subsidies on products (constant LCU)
2292,Adjusted net national income (constant 2015 US$)
2294,Adjusted net national income per capita (constant 2015 US$)
2310,"Agriculture, forestry, and fishing, value added (constant 2015 US$)"
2311,"Agriculture, forestry, and fishing, value added (constant LCU)"
2314,"Agriculture, forestry, and fishing, value added per worker (constant 2015 US$)"
2336,Carbon intensity of GDP (kg CO2e per constant 2015 US$ of GDP)
2352,Exports as a capacity to import (constant LCU)
2354,Exports of goods and services (constant 2015 US$)
2355,Exports of goods and services (constant LCU)
2359,External balance on goods and services (constant LCU)
2365,Final consumption expenditure (constant 2015 US$)
2366,Final consumption expenditure (constant LCU)
2376,GDP (constant 2015 US$)
2377,GDP (constant LCU)
2382,GDP per capita (constant 2015 US$)
2383,GDP per capita (constant LCU)
2386,"GDP per capita, PPP (constant 2021 international $)"
2388,GDP per person employed (constant 2021 PPP $)
2389,"GDP, PPP (constant 2021 international $)"
2392,General government final consumption expenditure (constant 2015 US$)
2393,General government final consumption expenditure (constant LCU)
2396,GNI (constant 2015 US$)
2397,GNI (constant LCU)
2400,GNI per capita (constant 2015 US$)
2401,GNI per capita (constant LCU)
2404,"GNI per capita, PPP (constant 2021 international $)"
2407,"GNI, PPP (constant 2021 international $)"
2413,Gross capital formation (constant 2015 US$)
2414,Gross capital formation (constant LCU)
2417,Gross domestic income (constant LCU)
2420,Gross fixed capital formation (constant 2015 US$)
2421,Gross fixed capital formation (constant LCU)
2424,Gross national expenditure (constant 2015 US$)
2425,Gross national expenditure (constant LCU)
2431,Gross value added at basic prices (GVA) (constant 2015 US$)
2432,Gross value added at basic prices (GVA) (constant LCU)
2436,Households and NPISHs Final consumption expenditure (constant 2015 US$)
2437,Households and NPISHs Final consumption expenditure (constant LCU)
2440,Households and NPISHs Final consumption expenditure per capita (constant 2015 US$)
2441,"Households and NPISHs Final consumption expenditure, PPP (constant 2021 international $)"
2445,Imports of goods and services (constant 2015 US$)
2446,Imports of goods and services (constant LCU)
2453,"Industry (including construction), value added (constant 2015 US$)"
2454,"Industry (including construction), value added (constant LCU)"
2457,"Industry (including construction), value added per worker (constant 2015 US$)"
2468,"Manufacturing, value added (constant 2015 US$)"
2469,"Manufacturing, value added (constant LCU)"
2505,"Net ODA provided, total (constant 2021 US$)"
2508,Net primary income (Net income from abroad) (constant LCU)
2582,"Services, value added (constant 2015 US$)"
2583,"Services, value added (constant LCU)"
2586,"Services, value added per worker (constant 2015 US$)"
2591,Taxes less subsidies on products (constant LCU)
2596,Terms of trade adjustment (constant LCU)
2604,"Water productivity, total (constant 2015 US$ GDP per cubic meter of total freshwater withdrawal)"
2606,Adjusted net national income (constant 2015 US$)
2608,Adjusted net national income per capita (constant 2015 US$)
2621,"Agriculture, forestry, and fishing, value added (constant 2015 US$)"
2622,"Agriculture, forestry, and fishing, value added (constant LCU)"
2625,"Agriculture, forestry, and fishing, value added per worker (constant 2015 US$)"
2648,Carbon intensity of GDP (kg CO2e per constant 2015 US$ of GDP)
2668,Exports as a capacity to import (constant LCU)
2670,Exports of goods and services (constant 2015 US$)
2671,Exports of goods and services (constant LCU)
2675,External balance on goods and services (constant LCU)
2681,Final consumption expenditure (constant 2015 US$)
2682,Final consumption expenditure (constant LCU)
2692,GDP (constant 2015 US$)
2693,GDP (constant LCU)
2698,GDP per capita (constant 2015 US$)
2699,GDP per capita (constant LCU)
2702,"GDP per capita, PPP (constant 2021 international $)"
2704,GDP per person employed (constant 2021 PPP $)
2705,"GDP, PPP (constant 2021 international $)"
2708,General government final consumption expenditure (constant 2015 US$)
2709,General government final consumption expenditure (constant LCU)
2712,GNI (constant 2015 US$)
2713,GNI (constant LCU)
2716,GNI per capita (constant 2015 US$)
2717,GNI per capita (constant LCU)
2720,"GNI per capita, PPP (constant 2021 international $)"
2723,"GNI, PPP (constant 2021 international $)"
2730,Gross capital formation (constant 2015 US$)
2731,Gross capital formation (constant LCU)
2734,Gross domestic income (constant LCU)
2737,Gross fixed capital formation (constant 2015 US$)
2738,Gross fixed capital formation (constant LCU)
2741,Gross national expenditure (constant 2015 US$)
2742,Gross national expenditure (constant LCU)
2748,Gross value added at basic prices (GVA) (constant 2015 US$)
2749,Gross value added at basic prices (GVA) (constant LCU)
2753,Households and NPISHs Final consumption expenditure (constant 2015 US$)
2754,Households and NPISHs Final consumption expenditure (constant LCU)
2757,Households and NPISHs Final consumption expenditure per capita (constant 2015 US$)
2758,"Households and NPISHs Final consumption expenditure, PPP (constant 2021 international $)"
2763,Imports of goods and services (constant 2015 US$)
2764,Imports of goods and services (constant LCU)
2768,"Industry (including construction), value added (constant 2015 US$)"
2769,"Industry (including construction), value added (constant LCU)"
2772,"Industry (including construction), value added per worker (constant 2015 US$)"
2783,"Manufacturing, value added (constant 2015 US$)"
2784,"Manufacturing, value added (constant LCU)"
2819,"Net ODA provided, total (constant 2021 US$)"
2822,Net primary income (Net income from abroad) (constant LCU)
2898,"Services, value added (constant 2015 US$)"
2899,"Services, value added (constant LCU)"
2902,"Services, value added per worker (constant 2015 US$)"
2908,Taxes less subsidies on products (constant LCU)
2913,Terms of trade adjustment (constant LCU)
2921,"Water productivity, total (constant 2015 US$ GDP per cubic meter of total freshwater withdrawal)"
2923,Adjusted net national income (constant 2015 US$)
2925,Adjusted net national income per capita (constant 2015 US$)
2941,"Agriculture, forestry, and fishing, value added (constant 2015 US$)"
2942,"Agriculture, forestry, and fishing, value added (constant LCU)"
2945,"Agriculture, forestry, and fishing, value added per worker (constant 2015 US$)"
2969,Carbon intensity of GDP (kg CO2e per constant 2015 US$ of GDP)
2989,Exports as a capacity to import (constant LCU)
2991,Exports of goods and services (constant 2015 US$)
2992,Exports of goods and services (constant LCU)
2996,External balance on goods and services (constant LCU)
3002,Final consumption expenditure (constant 2015 US$)
3003,Final consumption expenditure (constant LCU)
3013,GDP (constant 2015 US$)
3014,GDP (constant LCU)
3019,GDP per capita (constant 2015 US$)
3020,GDP per capita (constant LCU)
3023,"GDP per capita, PPP (constant 2021 international $)"
3025,GDP per person employed (constant 2021 PPP $)
3026,"GDP, PPP (constant 2021 international $)"
3029,General government final consumption expenditure (constant 2015 US$)
3030,General government final consumption expenditure (constant LCU)
3033,GNI (constant 2015 US$)
3034,GNI (constant LCU)
3037,GNI per capita (constant 2015 US$)
3038,GNI per capita (constant LCU)
3041,"GNI per capita, PPP (constant 2021 international $)"
3044,"GNI, PPP (constant 2021 international $)"
3051,Gross capital formation (constant 2015 US$)
3052,Gross capital formation (constant LCU)
3055,Gross domestic income (constant LCU)
3058,Gross fixed capital formation (constant 2015 US$)
3059,Gross fixed capital formation (constant LCU)
3062,Gross national expenditure (constant 2015 US$)
3063,Gross national expenditure (constant LCU)
3069,Gross value added at basic prices (GVA) (constant 2015 US$)
3070,Gross value added at basic prices (GVA) (constant LCU)
3074,Households and NPISHs Final consumption expenditure (constant 2015 US$)
3075,Households and NPISHs Final consumption expenditure (constant LCU)
3078,Households and NPISHs Final consumption expenditure per capita (constant 2015 US$)
3079,"Households and NPISHs Final consumption expenditure, PPP (constant 2021 international $)"
3084,Imports of goods and services (constant 2015 US$)
3085,Imports of goods and services (constant LCU)
3092,"Industry (including construction), value added (constant 2015 US$)"
3093,"Industry (including construction), value added (constant LCU)"
3096,"Industry (including construction), value added per worker (constant 2015 US$)"
3107,"Manufacturing, value added (constant 2015 US$)"
3108,"Manufacturing, value added (constant LCU)"
3143,"Net ODA provided, total (constant 2021 US$)"
3146,Net primary income (Net income from abroad) (constant LCU)
3223,"Services, value added (constant 2015 US$)"
3224,"Services, value added (constant LCU)"
3227,"Services, value added per worker (constant 2015 US$)"
3233,Taxes less subsidies on products (constant LCU)
3239,Terms of trade adjustment (constant LCU)
3247,"Water productivity, total (constant 2015 US$ GDP per cubic meter of total freshwater withdrawal)"
3249,Adjusted net national income (constant 2015 US$)
3251,Adjusted net national income per capita (constant 2015 US$)
3264,"Agriculture, forestry, and fishing, value added (constant 2015 US$)"
3265,"Agriculture, forestry, and fishing, value added (constant LCU)"
3268,"Agriculture, forestry, and fishing, value added per worker (constant 2015 US$)"
3292,Carbon intensity of GDP (kg CO2e per constant 2015 US$ of GDP)
3308,Exports as a capacity to import (constant LCU)
3310,Exports of goods and services (constant 2015 US$)
3311,Exports of goods and services (constant LCU)
3315,External balance on goods and services (constant LCU)
3321,Final consumption expenditure (constant 2015 US$)
3322,Final consumption expenditure (constant LCU)
3332,GDP (constant 2015 US$)
3333,GDP (constant LCU)
3338,GDP per capita (constant 2015 US$)
3339,GDP per capita (constant LCU)
3342,"GDP per capita, PPP (constant 2021 international $)"
3344,GDP per person employed (constant 2021 PPP $)
3345,"GDP, PPP (constant 2021 international $)"
3348,General government final consumption expenditure (constant 2015 US$)
3349,General government final consumption expenditure (constant LCU)
3353,GNI (constant 2015 US$)
3354,GNI (constant LCU)
3357,GNI per capita (constant 2015 US$)
3358,GNI per capita (constant LCU)
3361,"GNI per capita, PPP (constant 2021 international $)"
3364,"GNI, PPP (constant 2021 international $)"
3371,Gross capital formation (constant 2015 US$)
3372,Gross capital formation (constant LCU)
3375,Gross domestic income (constant LCU)
3378,Gross fixed capital formation (constant 2015 US$)
3379,Gross fixed capital formation (constant LCU)
3382,Gross national expenditure (constant 2015 US$)
3383,Gross national expenditure (constant LCU)
3389,Gross value added at basic prices (GVA) (constant 2015 US$)
3390,Gross value added at basic prices (GVA) (constant LCU)
3394,Households and NPISHs Final consumption expenditure (constant 2015 US$)
3395,Households and NPISHs Final consumption expenditure (constant LCU)
3398,Households and NPISHs Final consumption expenditure per capita (constant 2015 US$)
3399,"Households and NPISHs Final consumption expenditure, PPP (constant 2021 international $)"
3404,Imports of goods and services (constant 2015 US$)
3405,Imports of goods and services (constant LCU)
3411,"Industry (including construction), value added (constant 2015 US$)"
3412,"Industry (including construction), value added (constant LCU)"
3415,"Industry (including construction), value added per worker (constant 2015 US$)"
3429,"Manufacturing, value added (constant 2015 US$)"
3430,"Manufacturing, value added (constant LCU)"
3466,"Net ODA provided, total (constant 2021 US$)"
3469,Net primary income (Net income from abroad) (constant LCU)
3547,"Services, value added (constant 2015 US$)"
3548,"Services, value added (constant LCU)"
3551,"Services, value added per worker (constant 2015 US$)"
3558,Taxes less subsidies on products (constant LCU)
3563,Terms of trade adjustment (constant LCU)
3571,"Water productivity, total (constant 2015 US$ GDP per cubic meter of total freshwater withdrawal)"
3573,Adjusted net national income (constant 2015 US$)
3575,Adjusted net national income per capita (constant 2015 US$)
3589,"Agriculture, forestry, and fishing, value added (constant 2015 US$)"
3590,"Agriculture, forestry, and fishing, value added (constant LCU)"
3593,"Agriculture, forestry, and fishing, value added per worker (constant 2015 US$)"
3619,Carbon intensity of GDP (kg CO2e per constant 2015 US$ of GDP)
3622,Changes in inventories (constant LCU)
3641,Exports as a capacity to import (constant LCU)
3643,Exports of goods and services (constant 2015 US$)
3644,Exports of goods and services (constant LCU)
3658,Final consumption expenditure (constant 2015 US$)
3659,Final consumption expenditure (constant LCU)
3669,GDP (constant 2015 US$)
3670,GDP (constant LCU)
3675,GDP per capita (constant 2015 US$)
3676,GDP per capita (constant LCU)
3679,"GDP per capita, PPP (constant 2021 international $)"
3681,GDP per person employed (constant 2021 PPP $)
3682,"GDP, PPP (constant 2021 international $)"
3685,General government final consumption expenditure (constant 2015 US$)
3686,General government final consumption expenditure (constant LCU)
3689,GNI (constant 2015 US$)
3690,GNI (constant LCU)
3693,GNI per capita (constant 2015 US$)
3694,GNI per capita (constant LCU)
3697,"GNI per capita, PPP (constant 2021 international $)"
3700,"GNI, PPP (constant 2021 international $)"
3706,Gross capital formation (constant 2015 US$)
3707,Gross capital formation (constant LCU)
3710,Gross domestic income (constant LCU)
3713,Gross fixed capital formation (constant 2015 US$)
3714,Gross fixed capital formation (constant LCU)
3717,Gross national expenditure (constant 2015 US$)
3718,Gross national expenditure (constant LCU)
3724,Gross value added at basic prices (GVA) (constant 2015 US$)
3725,Gross value added at basic prices (GVA) (constant LCU)
3728,Households and NPISHs Final consumption expenditure (constant 2015 US$)
3729,Households and NPISHs Final consumption expenditure (constant LCU)
3732,Households and NPISHs Final consumption expenditure per capita (constant 2015 US$)
3733,"Households and NPISHs Final consumption expenditure, PPP (constant 2021 international $)"
3743,Imports of goods and services (constant 2015 US$)
3744,Imports of goods and services (constant LCU)
3750,"Industry (including construction), value added (constant 2015 US$)"
3751,"Industry (including construction), value added (constant LCU)"
3754,"Industry (including construction), value added per worker (constant 2015 US$)"
3766,"Manufacturing, value added (constant 2015 US$)"
3767,"Manufacturing, value added (constant LCU)"
3832,Net official development assistance and official aid received (constant 2021 US$)
3834,Net official development assistance received (constant 2021 US$)
3921,"Services, value added (constant 2015 US$)"
3922,"Services, value added (constant LCU)"
3925,"Services, value added per worker (constant 2015 US$)"
3927,Taxes less subsidies on products (constant LCU)
3931,Terms of trade adjustment (constant LCU)
3940,"Water productivity, total (constant 2015 US$ GDP per cubic meter of total freshwater withdrawal)"
3943,Adjusted net national income (constant 2015 US$)
3945,Adjusted net national income per capita (constant 2015 US$)
3956,"Agriculture, forestry, and fishing, value added (constant 2015 US$)"
3957,"Agriculture, forestry, and fishing, value added (constant LCU)"
3960,"Agriculture, forestry, and fishing, value added per worker (constant 2015 US$)"
3982,Carbon intensity of GDP (kg CO2e per constant 2015 US$ of GDP)
3995,Exports as a capacity to import (constant LCU)
3996,Exports of goods and services (constant 2015 US$)
3997,Exports of goods and services (constant LCU)
4000,External balance on goods and services (constant LCU)
4006,Final consumption expenditure (constant 2015 US$)
4007,Final consumption expenditure (constant LCU)
4016,GDP (constant 2015 US$)
4017,GDP (constant LCU)
4022,GDP per capita (constant 2015 US$)
4023,GDP per capita (constant LCU)
4026,"GDP per capita, PPP (constant 2021 international $)"
4028,GDP per person employed (constant 2021 PPP $)
4029,"GDP, PPP (constant 2021 international $)"
4032,General government final consumption expenditure (constant 2015 US$)
4033,General government final consumption expenditure (constant LCU)
4036,GNI (constant 2015 US$)
4037,GNI (constant LCU)
4040,GNI per capita (constant 2015 US$)
4041,GNI per capita (constant LCU)
4044,"GNI per capita, PPP (constant 2021 international $)"
4047,"GNI, PPP (constant 2021 international $)"
4051,Gross capital formation (constant 2015 US$)
4052,Gross capital formation (constant LCU)
4055,Gross domestic income (constant LCU)
4058,Gross fixed capital formation (constant 2015 US$)
4059,Gross fixed capital formation (constant LCU)
4062,Gross national expenditure (constant 2015 US$)
4063,Gross national expenditure (constant LCU)
4067,Gross value added at basic prices (GVA) (constant 2015 US$)
4068,Gross value added at basic prices (GVA) (constant LCU)
4072,Households and NPISHs Final consumption expenditure (constant 2015 US$)
4073,Households and NPISHs Final consumption expenditure (constant LCU)
4076,Households and NPISHs Final consumption expenditure per capita (constant 2015 US$)
4077,"Households and NPISHs Final consumption expenditure, PPP (constant 2021 international $)"
4080,Imports of goods and services (constant 2015 US$)
4081,Imports of goods and services (constant LCU)
4084,"Industry (including construction), value added (constant 2015 US$)"
4085,"Industry (including construction), value added (constant LCU)"
4088,"Industry (including construction), value added per worker (constant 2015 US$)"
4101,"Manufacturing, value added (constant 2015 US$)"
4102,"Manufacturing, value added (constant LCU)"
4133,"Net ODA provided, total (constant 2021 US$)"
4196,"Services, value added (constant 2015 US$)"
4197,"Services, value added (constant LCU)"
4200,"Services, value added per worker (constant 2015 US$)"
4205,Taxes less subsidies on products (constant LCU)
4210,Terms of trade adjustment (constant LCU)
4217,"Water productivity, total (constant 2015 US$ GDP per cubic meter of total freshwater withdrawal)"
4219,Adjusted net national income (constant 2015 US$)
4221,Adjusted net national income per capita (constant 2015 US$)
4237,"Agriculture, forestry, and fishing, value added (constant 2015 US$)"
4238,"Agriculture, forestry, and fishing, value added (constant LCU)"
4241,"Agriculture, forestry, and fishing, value added per worker (constant 2015 US$)"
4265,Carbon intensity of GDP (kg CO2e per constant 2015 US$ of GDP)
4282,Exports as a capacity to import (constant LCU)
4284,Exports of goods and services (constant 2015 US$)
4285,Exports of goods and services (constant LCU)
4289,External balance on goods and services (constant LCU)
4295,Final consumption expenditure (constant 2015 US$)
4296,Final consumption expenditure (constant LCU)
4306,GDP (constant 2015 US$)
4307,GDP (constant LCU)
4312,GDP per capita (constant 2015 US$)
4313,GDP per capita (constant LCU)
4316,"GDP per capita, PPP (constant 2021 international $)"
4318,GDP per person employed (constant 2021 PPP $)
4319,"GDP, PPP (constant 2021 international $)"
4322,General government final consumption expenditure (constant 2015 US$)
4323,General government final consumption expenditure (constant LCU)
4326,GNI (constant 2015 US$)
4327,GNI (constant LCU)
4330,GNI per capita (constant 2015 US$)
4331,GNI per capita (constant LCU)
4334,"GNI per capita, PPP (constant 2021 international $)"
4337,"GNI, PPP (constant 2021 international $)"
4344,Gross capital formation (constant 2015 US$)
4345,Gross capital formation (constant LCU)
4348,Gross domestic income (constant LCU)
4351,Gross fixed capital formation (constant 2015 US$)
4352,Gross fixed capital formation (constant LCU)
4355,Gross national expenditure (constant 2015 US$)
4356,Gross national expenditure (constant LCU)
4362,Gross value added at basic prices (GVA) (constant 2015 US$)
4363,Gross value added at basic prices (GVA) (constant LCU)
4367,Households and NPISHs Final consumption expenditure (constant 2015 US$)
4368,Households and NPISHs Final consumption expenditure (constant LCU)
4371,Households and NPISHs Final consumption expenditure per capita (constant 2015 US$)
4372,"Households and NPISHs Final consumption expenditure, PPP (constant 2021 international $)"
4377,Imports of goods and services (constant 2015 US$)
4378,Imports of goods and services (constant LCU)
4385,"Industry (including construction), value added (constant 2015 US$)"
4386,"Industry (including construction), value added (constant LCU)"
4389,"Industry (including construction), value added per worker (constant 2015 US$)"
4401,"Manufacturing, value added (constant 2015 US$)"
4402,"Manufacturing, value added (constant LCU)"
4437,"Net ODA provided, total (constant 2021 US$)"
4440,Net primary income (Net income from abroad) (constant LCU)
4514,"Services, value added (constant 2015 US$)"
4515,"Services, value added (constant LCU)"
4518,"Services, value added per worker (constant 2015 US$)"
4524,Taxes less subsidies on products (constant LCU)
4529,Terms of trade adjustment (constant LCU)
4537,"Water productivity, total (constant 2015 US$ GDP per cubic meter of total freshwater withdrawal)"
4540,Adjusted net national income (constant 2015 US$)
4542,Adjusted net national income per capita (constant 2015 US$)
4558,"Agriculture, forestry, and fishing, value added (constant 2015 US$)"
4559,"Agriculture, forestry, and fishing, value added (constant LCU)"
4562,"Agriculture, forestry, and fishing, value added per worker (constant 2015 US$)"
4583,Carbon intensity of GDP (kg CO2e per constant 2015 US$ of GDP)
4604,Exports as a capacity to import (constant LCU)
4606,Exports of goods and services (constant 2015 US$)
4607,Exports of goods and services (constant LCU)
4620,Final consumption expenditure (constant 2015 US$)
4621,Final consumption expenditure (constant LCU)
4630,GDP (constant 2015 US$)
4631,GDP (constant LCU)
4636,GDP per capita (constant 2015 US$)
4637,GDP per capita (constant LCU)
4640,"GDP per capita, PPP (constant 2021 international $)"
4642,GDP per person employed (constant 2021 PPP $)
4643,"GDP, PPP (constant 2021 international $)"
4646,General government final consumption expenditure (constant 2015 US$)
4647,General government final consumption expenditure (constant LCU)
4650,GNI (constant 2015 US$)
4651,GNI (constant LCU)
4654,GNI per capita (constant 2015 US$)
4655,GNI per capita (constant LCU)
4658,"GNI per capita, PPP (constant 2021 international $)"
4661,"GNI, PPP (constant 2021 international $)"
4667,Gross capital formation (constant 2015 US$)
4668,Gross capital formation (constant LCU)
4671,Gross domestic income (constant LCU)
4674,Gross fixed capital formation (constant 2015 US$)
4675,Gross fixed capital formation (constant LCU)
4679,Gross national expenditure (constant 2015 US$)
4680,Gross national expenditure (constant LCU)
4686,Gross value added at basic prices (GVA) (constant 2015 US$)
4687,Gross value added at basic prices (GVA) (constant LCU)
4690,Households and NPISHs Final consumption expenditure (constant 2015 US$)
4691,Households and NPISHs Final consumption expenditure (constant LCU)
4694,Households and NPISHs Final consumption expenditure per capita (constant 2015 US$)
4695,"Households and NPISHs Final consumption expenditure, PPP (constant 2021 international $)"
4706,Imports of goods and services (constant 2015 US$)
4707,Imports of goods and services (constant LCU)
4714,"Industry (including construction), value added (constant 2015 US$)"
4715,"Industry (including construction), value added (constant LCU)"
4716,"Industry (including construction), value added per worker (constant 2015 US$)"
4781,Net official development assistance and official aid received (constant 2021 US$)
4783,Net official development assistance received (constant 2021 US$)
4858,"Services, value added (constant 2015 US$)"
4859,"Services, value added (constant LCU)"
4862,"Services, value added per worker (constant 2015 US$)"
4865,Taxes less subsidies on products (constant LCU)
4869,Terms of trade adjustment (constant LCU)
4878,"Water productivity, total (constant 2015 US$ GDP per cubic meter of total freshwater withdrawal)"
4881,Adjusted net national income (constant 2015 US$)
4883,Adjusted net national income per capita (constant 2015 US$)
4896,"Agriculture, forestry, and fishing, value added (constant 2015 US$)"
4897,"Agriculture, forestry, and fishing, value added (constant LCU)"
4900,"Agriculture, forestry, and fishing, value added per worker (constant 2015 US$)"
4922,Carbon intensity of GDP (kg CO2e per constant 2015 US$ of GDP)
4936,Exports as a capacity to import (constant LCU)
4937,Exports of goods and services (constant 2015 US$)
4938,Exports of goods and services (constant LCU)
4951,Final consumption expenditure (constant 2015 US$)
4952,Final consumption expenditure (constant LCU)
4959,GDP (constant 2015 US$)
4960,GDP (constant LCU)
4965,GDP per capita (constant 2015 US$)
4966,GDP per capita (constant LCU)
4969,"GDP per capita, PPP (constant 2021 international $)"
4971,GDP per person employed (constant 2021 PPP $)
4972,"GDP, PPP (constant 2021 international $)"
4975,General government final consumption expenditure (constant 2015 US$)
4976,General government final consumption expenditure (constant LCU)
4979,GNI (constant 2015 US$)
4980,GNI (constant LCU)
4983,GNI per capita (constant 2015 US$)
4984,GNI per capita (constant LCU)
4987,"GNI per capita, PPP (constant 2021 international $)"
4990,"GNI, PPP (constant 2021 international $)"
4994,Gross capital formation (constant 2015 US$)
4995,Gross capital formation (constant LCU)
4998,Gross domestic income (constant LCU)
5001,Gross national expenditure (constant 2015 US$)
5002,Gross national expenditure (constant LCU)
5006,Gross value added at basic prices (GVA) (constant 2015 US$)
5007,Gross value added at basic prices (GVA) (constant LCU)
5010,Households and NPISHs Final consumption expenditure (constant 2015 US$)
5011,Households and NPISHs Final consumption expenditure (constant LCU)
5014,Households and NPISHs Final consumption expenditure per capita (constant 2015 US$)
5015,"Households and NPISHs Final consumption expenditure, PPP (constant 2021 international $)"
5023,Imports of goods and services (constant 2015 US$)
5024,Imports of goods and services (constant LCU)
5030,"Industry (including construction), value added (constant 2015 US$)"
5031,"Industry (including construction), value added (constant LCU)"
5034,"Industry (including construction), value added per worker (constant 2015 US$)"
5043,"Manufacturing, value added (constant 2015 US$)"
5044,"Manufacturing, value added (constant LCU)"
5107,Net official development assistance and official aid received (constant 2021 US$)
5109,Net official development assistance received (constant 2021 US$)
5174,"Services, value added (constant 2015 US$)"
5175,"Services, value added (constant LCU)"
5178,"Services, value added per worker (constant 2015 US$)"
5180,Taxes less subsidies on products (constant LCU)
5184,Terms of trade adjustment (constant LCU)
5192,"Water productivity, total (constant 2015 US$ GDP per cubic meter of total freshwater withdrawal)"
5232,Carbon intensity of GDP (kg CO2e per constant 2015 US$ of GDP)
5257,GDP (constant 2015 US$)
5258,GDP (constant LCU)
5263,GDP per capita (constant 2015 US$)
5264,GDP per capita (constant LCU)
5267,"GDP per capita, PPP (constant 2021 international $)"
5269,GDP per person employed (constant 2021 PPP $)
5270,"GDP, PPP (constant 2021 international $)"
5345,Net official development assistance and official aid received (constant 2021 US$)
5347,Net official development assistance received (constant 2021 US$)
5413,"Water productivity, total (constant 2015 US$ GDP per cubic meter of total freshwater withdrawal)"
5432,"Agriculture, forestry, and fishing, value added (constant 2015 US$)"
5433,"Agriculture, forestry, and fishing, value added (constant LCU)"
5436,"Agriculture, forestry, and fishing, value added per worker (constant 2015 US$)"
5458,Carbon intensity of GDP (kg CO2e per constant 2015 US$ of GDP)
5496,GDP (constant 2015 US$)
5497,GDP (constant LCU)
5502,GDP per capita (constant 2015 US$)
5503,GDP per capita (constant LCU)
5506,"GDP per capita, PPP (constant 2021 international $)"
5508,GDP per person employed (constant 2021 PPP $)
5509,"GDP, PPP (constant 2021 international $)"
5537,Gross value added at basic prices (GVA) (constant 2015 US$)
5538,Gross value added at basic prices (GVA) (constant LCU)
5556,"Industry (including construction), value added (constant 2015 US$)"
5557,"Industry (including construction), value added (constant LCU)"
5560,"Industry (including construction), value added per worker (constant 2015 US$)"
5569,"Manufacturing, value added (constant 2015 US$)"
5570,"Manufacturing, value added (constant LCU)"
5633,Net official development assistance and official aid received (constant 2021 US$)
5635,Net official development assistance received (constant 2021 US$)
5716,"Services, value added (constant 2015 US$)"
5717,"Services, value added (constant LCU)"
5720,"Services, value added per worker (constant 2015 US$)"
5723,Taxes less subsidies on products (constant LCU)
5741,Adjusted net national income (constant 2015 US$)
5743,Adjusted net national income per capita (constant 2015 US$)
5757,"Agriculture, forestry, and fishing, value added (constant 2015 US$)"
5758,"Agriculture, forestry, and fishing, value added (constant LCU)"
5761,"Agriculture, forestry, and fishing, value added per worker (constant 2015 US$)"
5785,Carbon intensity of GDP (kg CO2e per constant 2015 US$ of GDP)
5800,Discrepancy in expenditure estimate of GDP (constant LCU)
5803,Exports as a capacity to import (constant LCU)
5805,Exports of goods and services (constant 2015 US$)
5806,Exports of goods and services (constant LCU)
5810,External balance on goods and services (constant LCU)
5816,Final consumption expenditure (constant 2015 US$)
5817,Final consumption expenditure (constant LCU)
5827,GDP (constant 2015 US$)
5828,GDP (constant LCU)
5833,GDP per capita (constant 2015 US$)
5834,GDP per capita (constant LCU)
5837,"GDP per capita, PPP (constant 2021 international $)"
5839,GDP per person employed (constant 2021 PPP $)
5840,"GDP, PPP (constant 2021 international $)"
5843,General government final consumption expenditure (constant 2015 US$)
5844,General government final consumption expenditure (constant LCU)
5847,GNI (constant 2015 US$)
5848,GNI (constant LCU)
5851,GNI per capita (constant 2015 US$)
5852,GNI per capita (constant LCU)
5855,"GNI per capita, PPP (constant 2021 international $)"
5858,"GNI, PPP (constant 2021 international $)"
5865,Gross capital formation (constant 2015 US$)
5866,Gross capital formation (constant LCU)
5869,Gross domestic income (constant LCU)
5872,Gross fixed capital formation (constant 2015 US$)
5873,Gross fixed capital formation (constant LCU)
5876,Gross national expenditure (constant 2015 US$)
5877,Gross national expenditure (constant LCU)
5883,Gross value added at basic prices (GVA) (constant 2015 US$)
5884,Gross value added at basic prices (GVA) (constant LCU)
5888,Households and NPISHs Final consumption expenditure (constant 2015 US$)
5889,Households and NPISHs Final consumption expenditure (constant LCU)
5892,Households and NPISHs Final consumption expenditure per capita (constant 2015 US$)
5893,"Households and NPISHs Final consumption expenditure, PPP (constant 2021 international $)"
5898,Imports of goods and services (constant 2015 US$)
5899,Imports of goods and services (constant LCU)
5906,"Industry (including construction), value added (constant 2015 US$)"
5907,"Industry (including construction), value added (constant LCU)"
5910,"Industry (including construction), value added per worker (constant 2015 US$)"
5923,"Manufacturing, value added (constant 2015 US$)"
5924,"Manufacturing, value added (constant LCU)"
5959,"Net ODA provided, total (constant 2021 US$)"
5962,Net primary income (Net income from abroad) (constant LCU)
6034,"Services, value added (constant 2015 US$)"
6035,"Services, value added (constant LCU)"
6038,"Services, value added per worker (constant 2015 US$)"
6044,Taxes less subsidies on products (constant LCU)
6049,Terms of trade adjustment (constant LCU)
6057,"Water productivity, total (constant 2015 US$ GDP per cubic meter of total freshwater withdrawal)"
6060,Adjusted net national income (constant 2015 US$)
6062,Adjusted net national income per capita (constant 2015 US$)
6075,"Agriculture, forestry, and fishing, value added (constant 2015 US$)"
6076,"Agriculture, forestry, and fishing, value added (constant LCU)"
6079,"Agriculture, forestry, and fishing, value added per worker (constant 2015 US$)"
6102,Carbon intensity of GDP (kg CO2e per constant 2015 US$ of GDP)
6123,Exports as a capacity to import (constant LCU)
6125,Exports of goods and services (constant 2015 US$)
6126,Exports of goods and services (constant LCU)
6130,External balance on goods and services (constant LCU)
6136,Final consumption expenditure (constant 2015 US$)
6137,Final consumption expenditure (constant LCU)
6147,GDP (constant 2015 US$)
6148,GDP (constant LCU)
6153,GDP per capita (constant 2015 US$)
6154,GDP per capita (constant LCU)
6157,"GDP per capita, PPP (constant 2021 international $)"
6159,GDP per person employed (constant 2021 PPP $)
6160,"GDP, PPP (constant 2021 international $)"
6163,General government final consumption expenditure (constant 2015 US$)
6164,General government final consumption expenditure (constant LCU)
6167,GNI (constant 2015 US$)
6168,GNI (constant LCU)
6171,GNI per capita (constant 2015 US$)
6172,GNI per capita (constant LCU)
6175,"GNI per capita, PPP (constant 2021 international $)"
6178,"GNI, PPP (constant 2021 international $)"
6184,Gross capital formation (constant 2015 US$)
6185,Gross capital formation (constant LCU)
6188,Gross domestic income (constant LCU)
6191,Gross fixed capital formation (constant 2015 US$)
6192,Gross fixed capital formation (constant LCU)
6195,Gross national expenditure (constant 2015 US$)
6196,Gross national expenditure (constant LCU)
6202,Gross value added at basic prices (GVA) (constant 2015 US$)
6203,Gross value added at basic prices (GVA) (constant LCU)
6207,Households and NPISHs Final consumption expenditure (constant 2015 US$)
6208,Households and NPISHs Final consumption expenditure (constant LCU)
6211,Households and NPISHs Final consumption expenditure per capita (constant 2015 US$)
6212,"Households and NPISHs Final consumption expenditure, PPP (constant 2021 international $)"
6217,Imports of goods and services (constant 2015 US$)
6218,Imports of goods and services (constant LCU)
6222,"Industry (including construction), value added (constant 2015 US$)"
6223,"Industry (including construction), value added (constant LCU)"
6226,"Industry (including construction), value added per worker (constant 2015 US$)"
6239,"Manufacturing, value added (constant 2015 US$)"
6240,"Manufacturing, value added (constant LCU)"
6277,"Net ODA provided, total (constant 2021 US$)"
6280,Net primary income (Net income from abroad) (constant LCU)
6357,"Services, value added (constant 2015 US$)"
6358,"Services, value added (constant LCU)"
6361,"Services, value added per worker (constant 2015 US$)"
6367,Taxes less subsidies on products (constant LCU)
6373,Terms of trade adjustment (constant LCU)
6381,"Water productivity, total (constant 2015 US$ GDP per cubic meter of total freshwater withdrawal)"
6383,Adjusted net national income (constant 2015 US$)
6385,Adjusted net national income per capita (constant 2015 US$)
6399,"Agriculture, forestry, and fishing, value added (constant 2015 US$)"
6400,"Agriculture, forestry, and fishing, value added (constant LCU)"
6403,"Agriculture, forestry, and fishing, value added per worker (constant 2015 US$)"
6428,Carbon intensity of GDP (kg CO2e per constant 2015 US$ of GDP)
6431,Changes in inventories (constant LCU)
6451,Exports as a capacity to import (constant LCU)
6453,Exports of goods and services (constant 2015 US$)
6454,Exports of goods and services (constant LCU)
6468,Final consumption expenditure (constant 2015 US$)
6469,Final consumption expenditure (constant LCU)
6479,GDP (constant 2015 US$)
6480,GDP (constant LCU)
6485,GDP per capita (constant 2015 US$)
6486,GDP per capita (constant LCU)
6489,"GDP per capita, PPP (constant 2021 international $)"
6491,GDP per person employed (constant 2021 PPP $)
6492,"GDP, PPP (constant 2021 international $)"
6495,General government final consumption expenditure (constant 2015 US$)
6496,General government final consumption expenditure (constant LCU)
6499,GNI (constant 2015 US$)
6500,GNI (constant LCU)
6503,GNI per capita (constant 2015 US$)
6504,GNI per capita (constant LCU)
6507,"GNI per capita, PPP (constant 2021 international $)"
6510,"GNI, PPP (constant 2021 international $)"
6516,Gross capital formation (constant 2015 US$)
6517,Gross capital formation (constant LCU)
6520,Gross domestic income (constant LCU)
6523,Gross fixed capital formation (constant 2015 US$)
6524,Gross fixed capital formation (constant LCU)
6528,Gross national expenditure (constant 2015 US$)
6529,Gross national expenditure (constant LCU)
6535,Gross value added at basic prices (GVA) (constant 2015 US$)
6536,Gross value added at basic prices (GVA) (constant LCU)
6539,Households and NPISHs Final consumption expenditure (constant 2015 US$)
6540,Households and NPISHs Final consumption expenditure (constant LCU)
6543,Households and NPISHs Final consumption expenditure per capita (constant 2015 US$)
6544,"Households and NPISHs Final consumption expenditure, PPP (constant 2021 international $)"
6555,Imports of goods and services (constant 2015 US$)
6556,Imports of goods and services (constant LCU)
6562,"Industry (including construction), value added (constant 2015 US$)"
6563,"Industry (including construction), value added (constant LCU)"
6566,"Industry (including construction), value added per worker (constant 2015 US$)"
6574,"Manufacturing, value added (constant 2015 US$)"
6575,"Manufacturing, value added (constant LCU)"
6642,Net official development assistance and official aid received (constant 2021 US$)
6644,Net official development assistance received (constant 2021 US$)
6724,"Services, value added (constant 2015 US$)"
6725,"Services, value added (constant LCU)"
6728,"Services, value added per worker (constant 2015 US$)"
6730,Taxes less subsidies on products (constant LCU)
6734,Terms of trade adjustment (constant LCU)
6743,"Water productivity, total (constant 2015 US$ GDP per cubic meter of total freshwater withdrawal)"
6759,"Agriculture, forestry, and fishing, value added (constant 2015 US$)"
6760,"Agriculture, forestry, and fishing, value added (constant LCU)"
6763,"Agriculture, forestry, and fishing, value added per worker (constant 2015 US$)"
6787,Carbon intensity of GDP (kg CO2e per constant 2015 US$ of GDP)
6789,Changes in inventories (constant LCU)
6807,Exports as a capacity to import (constant LCU)
6809,Exports of goods and services (constant 2015 US$)
6810,Exports of goods and services (constant LCU)
6819,Final consumption expenditure (constant 2015 US$)
6820,Final consumption expenditure (constant LCU)
6830,GDP (constant 2015 US$)
6831,GDP (constant LCU)
6836,GDP per capita (constant 2015 US$)
6837,GDP per capita (constant LCU)
6840,"GDP per capita, PPP (constant 2021 international $)"
6842,GDP per person employed (constant 2021 PPP $)
6843,"GDP, PPP (constant 2021 international $)"
6846,General government final consumption expenditure (constant 2015 US$)
6847,General government final consumption expenditure (constant LCU)
6864,Gross domestic income (constant LCU)
6867,Gross fixed capital formation (constant 2015 US$)
6868,Gross fixed capital formation (constant LCU)
6876,Gross value added at basic prices (GVA) (constant 2015 US$)
6877,Gross value added at basic prices (GVA) (constant LCU)
6880,Households and NPISHs Final consumption expenditure (constant 2015 US$)
6881,Households and NPISHs Final consumption expenditure (constant LCU)
6884,Households and NPISHs Final consumption expenditure per capita (constant 2015 US$)
6885,"Households and NPISHs Final consumption expenditure, PPP (constant 2021 international $)"
6893,Imports of goods and services (constant 2015 US$)
6894,Imports of goods and services (constant LCU)
6898,"Industry (including construction), value added (constant 2015 US$)"
6899,"Industry (including construction), value added (constant LCU)"
6902,"Industry (including construction), value added per worker (constant 2015 US$)"
6913,"Manufacturing, value added (constant 2015 US$)"
6914,"Manufacturing, value added (constant LCU)"
7017,"Services, value added (constant 2015 US$)"
7018,"Services, value added (constant LCU)"
7021,"Services, value added per worker (constant 2015 US$)"
7026,Taxes less subsidies on products (constant LCU)
7031,Terms of trade adjustment (constant LCU)
7039,"Water productivity, total (constant 2015 US$ GDP per cubic meter of total freshwater withdrawal)"
7042,Adjusted net national income (constant 2015 US$)
7044,Adjusted net national income per capita (constant 2015 US$)
7057,"Agriculture, forestry, and fishing, value added (constant 2015 US$)"
7058,"Agriculture, forestry, and fishing, value added (constant LCU)"
7061,"Agriculture, forestry, and fishing, value added per worker (constant 2015 US$)"
7084,Carbon intensity of GDP (kg CO2e per constant 2015 US$ of GDP)
7102,Exports as a capacity to import (constant LCU)
7104,Exports of goods and services (constant 2015 US$)
7105,Exports of goods and services (constant LCU)
7109,External balance on goods and services (constant LCU)
7115,Final consumption expenditure (constant 2015 US$)
7116,Final consumption expenditure (constant LCU)
7126,GDP (constant 2015 US$)
7127,GDP (constant LCU)
7132,GDP per capita (constant 2015 US$)
7133,GDP per capita (constant LCU)
7136,"GDP per capita, PPP (constant 2021 international $)"
7138,GDP per person employed (constant 2021 PPP $)
7139,"GDP, PPP (constant 2021 international $)"
7142,General government final consumption expenditure (constant 2015 US$)
7143,General government final consumption expenditure (constant LCU)
7146,GNI (constant 2015 US$)
7147,GNI (constant LCU)
7150,GNI per capita (constant 2015 US$)
7151,GNI per capita (constant LCU)
7154,"GNI per capita, PPP (constant 2021 international $)"
7157,"GNI, PPP (constant 2021 international $)"
7164,Gross capital formation (constant 2015 US$)
7165,Gross capital formation (constant LCU)
7168,Gross domestic income (constant LCU)
7171,Gross fixed capital formation (constant 2015 US$)
7172,Gross fixed capital formation (constant LCU)
7175,Gross national expenditure (constant 2015 US$)
7176,Gross national expenditure (constant LCU)
7182,Gross value added at basic prices (GVA) (constant 2015 US$)
7183,Gross value added at basic prices (GVA) (constant LCU)
7187,Households and NPISHs Final consumption expenditure (constant 2015 US$)
7188,Households and NPISHs Final consumption expenditure (constant LCU)
7191,Households and NPISHs Final consumption expenditure per capita (constant 2015 US$)
7192,"Households and NPISHs Final consumption expenditure, PPP (constant 2021 international $)"
7197,Imports of goods and services (constant 2015 US$)
7198,Imports of goods and services (constant LCU)
7202,"Industry (including construction), value added (constant 2015 US$)"
7203,"Industry (including construction), value added (constant LCU)"
7206,"Industry (including construction), value added per worker (constant 2015 US$)"
7217,"Manufacturing, value added (constant 2015 US$)"
7218,"Manufacturing, value added (constant LCU)"
7254,"Net ODA provided, total (constant 2021 US$)"
7257,Net primary income (Net income from abroad) (constant LCU)
7338,"Services, value added (constant 2015 US$)"
7339,"Services, value added (constant LCU)"
7342,"Services, value added per worker (constant 2015 US$)"
7348,Taxes less subsidies on products (constant LCU)
7353,Terms of trade adjustment (constant LCU)
7361,"Water productivity, total (constant 2015 US$ GDP per cubic meter of total freshwater withdrawal)"
7372,"Agriculture, forestry, and fishing, value added (constant 2015 US$)"
7373,"Agriculture, forestry, and fishing, value added (constant LCU)"
7376,"Agriculture, forestry, and fishing, value added per worker (constant 2015 US$)"
7400,Carbon intensity of GDP (kg CO2e per constant 2015 US$ of GDP)
7417,Exports as a capacity to import (constant LCU)
7419,Exports of goods and services (constant 2015 US$)
7420,Exports of goods and services (constant LCU)
7424,External balance on goods and services (constant LCU)
7430,Final consumption expenditure (constant 2015 US$)
7431,Final consumption expenditure (constant LCU)
7441,GDP (constant 2015 US$)
7442,GDP (constant LCU)
7447,GDP per capita (constant 2015 US$)
7448,GDP per capita (constant LCU)
7451,"GDP per capita, PPP (constant 2021 international $)"
7453,GDP per person employed (constant 2021 PPP $)
7454,"GDP, PPP (constant 2021 international $)"
7457,General government final consumption expenditure (constant 2015 US$)
7458,General government final consumption expenditure (constant LCU)
7461,GNI (constant 2015 US$)
7462,GNI (constant LCU)
7465,GNI per capita (constant 2015 US$)
7466,GNI per capita (constant LCU)
7469,"GNI per capita, PPP (constant 2021 international $)"
7472,"GNI, PPP (constant 2021 international $)"
7479,Gross capital formation (constant 2015 US$)
7480,Gross capital formation (constant LCU)
7483,Gross domestic income (constant LCU)
7486,Gross fixed capital formation (constant 2015 US$)
7487,Gross fixed capital formation (constant LCU)
7490,Gross national expenditure (constant 2015 US$)
7491,Gross national expenditure (constant LCU)
7497,Gross value added at basic prices (GVA) (constant 2015 US$)
7498,Gross value added at basic prices (GVA) (constant LCU)
7501,Households and NPISHs Final consumption expenditure (constant 2015 US$)
7502,Households and NPISHs Final consumption expenditure (constant LCU)
7505,Households and NPISHs Final consumption expenditure per capita (constant 2015 US$)
7506,"Households and NPISHs Final consumption expenditure, PPP (constant 2021 international $)"
7511,Imports of goods and services (constant 2015 US$)
7512,Imports of goods and services (constant LCU)
7517,"Industry (including construction), value added (constant 2015 US$)"
7518,"Industry (including construction), value added (constant LCU)"
7521,"Industry (including construction), value added per worker (constant 2015 US$)"
7535,"Manufacturing, value added (constant 2015 US$)"
7536,"Manufacturing, value added (constant LCU)"
7572,"Net ODA provided, total (constant 2021 US$)"
7575,Net primary income (Net income from abroad) (constant LCU)
7647,"Services, value added (constant 2015 US$)"
7648,"Services, value added (constant LCU)"
7651,"Services, value added per worker (constant 2015 US$)"
7658,Taxes less subsidies on products (constant LCU)
7664,Terms of trade adjustment (constant LCU)
7672,"Water productivity, total (constant 2015 US$ GDP per cubic meter of total freshwater withdrawal)"
7683,"Agriculture, forestry, and fishing, value added (constant 2015 US$)"
7684,"Agriculture, forestry, and fishing, value added (constant LCU)"
7687,"Agriculture, forestry, and fishing, value added per worker (constant 2015 US$)"
7713,Carbon intensity of GDP (kg CO2e per constant 2015 US$ of GDP)
7731,Exports as a capacity to import (constant LCU)
7733,Exports of goods and services (constant 2015 US$)
7734,Exports of goods and services (constant LCU)
7738,External balance on goods and services (constant LCU)
7744,Final consumption expenditure (constant 2015 US$)
7745,Final consumption expenditure (constant LCU)
7755,GDP (constant 2015 US$)
7756,GDP (constant LCU)
7761,GDP per capita (constant 2015 US$)
7762,GDP per capita (constant LCU)
7765,"GDP per capita, PPP (constant 2021 international $)"
7767,GDP per person employed (constant 2021 PPP $)
7768,"GDP, PPP (constant 2021 international $)"
7771,General government final consumption expenditure (constant 2015 US$)
7772,General government final consumption expenditure (constant LCU)
7788,Gross capital formation (constant 2015 US$)
7789,Gross capital formation (constant LCU)
7792,Gross domestic income (constant LCU)
7795,Gross fixed capital formation (constant 2015 US$)
7796,Gross fixed capital formation (constant LCU)
7799,Gross national expenditure (constant 2015 US$)
7800,Gross national expenditure (constant LCU)
7806,Gross value added at basic prices (GVA) (constant 2015 US$)
7807,Gross value added at basic prices (GVA) (constant LCU)
7811,Households and NPISHs Final consumption expenditure (constant 2015 US$)
7812,Households and NPISHs Final consumption expenditure (constant LCU)
7815,Households and NPISHs Final consumption expenditure per capita (constant 2015 US$)
7816,"Households and NPISHs Final consumption expenditure, PPP (constant 2021 international $)"
7821,Imports of goods and services (constant 2015 US$)
7822,Imports of goods and services (constant LCU)
7826,"Industry (including construction), value added (constant 2015 US$)"
7827,"Industry (including construction), value added (constant LCU)"
7830,"Industry (including construction), value added per worker (constant 2015 US$)"
7840,"Manufacturing, value added (constant 2015 US$)"
7841,"Manufacturing, value added (constant LCU)"
7880,"Net ODA provided, total (constant 2021 US$)"
7955,"Services, value added (constant 2015 US$)"
7956,"Services, value added (constant LCU)"
7959,"Services, value added per worker (constant 2015 US$)"
7964,Taxes less subsidies on products (constant LCU)
7969,Terms of trade adjustment (constant LCU)
7977,"Water productivity, total (constant 2015 US$ GDP per cubic meter of total freshwater withdrawal)"
7979,Adjusted net national income (constant 2015 US$)
7981,Adjusted net national income per capita (constant 2015 US$)
8019,Carbon intensity of GDP (kg CO2e per constant 2015 US$ of GDP)
8023,Changes in inventories (constant LCU)
8041,Exports as a capacity to import (constant LCU)
8043,Exports of goods and services (constant 2015 US$)
8044,Exports of goods and services (constant LCU)
8053,Final consumption expenditure (constant 2015 US$)
8054,Final consumption expenditure (constant LCU)
8064,GDP (constant 2015 US$)
8065,GDP (constant LCU)
8070,GDP per capita (constant 2015 US$)
8071,GDP per capita (constant LCU)
8074,"GDP per capita, PPP (constant 2021 international $)"
8076,GDP per person employed (constant 2021 PPP $)
8077,"GDP, PPP (constant 2021 international $)"
8080,General government final consumption expenditure (constant 2015 US$)
8081,General government final consumption expenditure (constant LCU)
8085,GNI (constant 2015 US$)
8086,GNI (constant LCU)
8089,GNI per capita (constant 2015 US$)
8090,GNI per capita (constant LCU)
8093,"GNI per capita, PPP (constant 2021 international $)"
8096,"GNI, PPP (constant 2021 international $)"
8103,Gross capital formation (constant 2015 US$)
8104,Gross capital formation (constant LCU)
8107,Gross domestic income (constant LCU)
8110,Gross fixed capital formation (constant 2015 US$)
8111,Gross fixed capital formation (constant LCU)
8114,Gross national expenditure (constant 2015 US$)
8115,Gross national expenditure (constant LCU)
8124,Households and NPISHs Final consumption expenditure (constant 2015 US$)
8125,Households and NPISHs Final consumption expenditure (constant LCU)
8128,Households and NPISHs Final consumption expenditure per capita (constant 2015 US$)
8129,"Households and NPISHs Final consumption expenditure, PPP (constant 2021 international $)"
8137,Imports of goods and services (constant 2015 US$)
8138,Imports of goods and services (constant LCU)
8194,"Net ODA provided, total (constant 2021 US$)"
8272,Terms of trade adjustment (constant LCU)
8280,"Water productivity, total (constant 2015 US$ GDP per cubic meter of total freshwater withdrawal)"
8295,"Agriculture, forestry, and fishing, value added (constant 2015 US$)"
8296,"Agriculture, forestry, and fishing, value added (constant LCU)"
8299,"Agriculture, forestry, and fishing, value added per worker (constant 2015 US$)"
8325,Carbon intensity of GDP (kg CO2e per constant 2015 US$ of GDP)
8358,Final consumption expenditure (constant 2015 US$)
8359,Final consumption expenditure (constant LCU)
8369,GDP (constant 2015 US$)
8370,GDP (constant LCU)
8375,GDP per capita (constant 2015 US$)
8376,GDP per capita (constant LCU)
8379,"GDP per capita, PPP (constant 2021 international $)"
8381,GDP per person employed (constant 2021 PPP $)
8382,"GDP, PPP (constant 2021 international $)"
8387,GNI (constant 2015 US$)
8388,GNI (constant LCU)
8391,GNI per capita (constant 2015 US$)
8392,GNI per capita (constant LCU)
8395,"GNI per capita, PPP (constant 2021 international $)"
8398,"GNI, PPP (constant 2021 international $)"
8404,Gross capital formation (constant 2015 US$)
8405,Gross capital formation (constant LCU)
8413,Gross national expenditure (constant 2015 US$)
8414,Gross national expenditure (constant LCU)
8421,Households and NPISHs Final consumption expenditure (constant 2015 US$)
8422,Households and NPISHs Final consumption expenditure (constant LCU)
8425,Households and NPISHs Final consumption expenditure per capita (constant 2015 US$)
8426,"Households and NPISHs Final consumption expenditure, PPP (constant 2021 international $)"
8441,"Industry (including construction), value added (constant 2015 US$)"
8442,"Industry (including construction), value added (constant LCU)"
8445,"Industry (including construction), value added per worker (constant 2015 US$)"
8521,Net official development assistance and official aid received (constant 2021 US$)
8523,Net official development assistance received (constant 2021 US$)
8610,"Services, value added (constant 2015 US$)"
8611,"Services, value added (constant LCU)"
8614,"Services, value added per worker (constant 2015 US$)"
8626,"Water productivity, total (constant 2015 US$ GDP per cubic meter of total freshwater withdrawal)"
8628,Adjusted net national income (constant 2015 US$)
8630,Adjusted net national income per capita (constant 2015 US$)
8640,"Agriculture, forestry, and fishing, value added (constant 2015 US$)"
8641,"Agriculture, forestry, and fishing, value added (constant LCU)"
8644,"Agriculture, forestry, and fishing, value added per worker (constant 2015 US$)"
8669,Carbon intensity of GDP (kg CO2e per constant 2015 US$ of GDP)
8687,Exports as a capacity to import (constant LCU)
8689,Exports of goods and services (constant 2015 US$)
8690,Exports of goods and services (constant LCU)
8694,External balance on goods and services (constant LCU)
8700,Final consumption expenditure (constant 2015 US$)
8701,Final consumption expenditure (constant LCU)
8711,GDP (constant 2015 US$)
8712,GDP (constant LCU)
8717,GDP per capita (constant 2015 US$)
8718,GDP per capita (constant LCU)
8721,"GDP per capita, PPP (constant 2021 international $)"
8723,GDP per person employed (constant 2021 PPP $)
8724,"GDP, PPP (constant 2021 international $)"
8727,General government final consumption expenditure (constant 2015 US$)
8728,General government final consumption expenditure (constant LCU)
8731,GNI (constant 2015 US$)
8732,GNI (constant LCU)
8735,GNI per capita (constant 2015 US$)
8736,GNI per capita (constant LCU)
8739,"GNI per capita, PPP (constant 2021 international $)"
8742,"GNI, PPP (constant 2021 international $)"
8748,Gross capital formation (constant 2015 US$)
8749,Gross capital formation (constant LCU)
8752,Gross domestic income (constant LCU)
8755,Gross fixed capital formation (constant 2015 US$)
8756,Gross fixed capital formation (constant LCU)
8759,Gross national expenditure (constant 2015 US$)
8760,Gross national expenditure (constant LCU)
8766,Gross value added at basic prices (GVA) (constant 2015 US$)
8767,Gross value added at basic prices (GVA) (constant LCU)
8771,Households and NPISHs Final consumption expenditure (constant 2015 US$)
8772,Households and NPISHs Final consumption expenditure (constant LCU)
8775,Households and NPISHs Final consumption expenditure per capita (constant 2015 US$)
8776,"Households and NPISHs Final consumption expenditure, PPP (constant 2021 international $)"
8781,Imports of goods and services (constant 2015 US$)
8782,Imports of goods and services (constant LCU)
8788,"Industry (including construction), value added (constant 2015 US$)"
8789,"Industry (including construction), value added (constant LCU)"
8792,"Industry (including construction), value added per worker (constant 2015 US$)"
8806,"Manufacturing, value added (constant 2015 US$)"
8807,"Manufacturing, value added (constant LCU)"
8845,"Net ODA provided, total (constant 2021 US$)"
8914,"Services, value added (constant 2015 US$)"
8915,"Services, value added (constant LCU)"
8918,"Services, value added per worker (constant 2015 US$)"
8925,Terms of trade adjustment (constant LCU)
8933,"Water productivity, total (constant 2015 US$ GDP per cubic meter of total freshwater withdrawal)"
8935,Adjusted net national income (constant 2015 US$)
8937,Adjusted net national income per capita (constant 2015 US$)
8950,"Agriculture, forestry, and fishing, value added (constant 2015 US$)"
8951,"Agriculture, forestry, and fishing, value added (constant LCU)"
8954,"Agriculture, forestry, and fishing, value added per worker (constant 2015 US$)"
8980,Carbon intensity of GDP (kg CO2e per constant 2015 US$ of GDP)
8983,Changes in inventories (constant LCU)
9003,Exports as a capacity to import (constant LCU)
9005,Exports of goods and services (constant 2015 US$)
9006,Exports of goods and services (constant LCU)
9015,Final consumption expenditure (constant 2015 US$)
9016,Final consumption expenditure (constant LCU)
9026,GDP (constant 2015 US$)
9027,GDP (constant LCU)
9032,GDP per capita (constant 2015 US$)
9033,GDP per capita (constant LCU)
9036,"GDP per capita, PPP (constant 2021 international $)"
9038,GDP per person employed (constant 2021 PPP $)
9039,"GDP, PPP (constant 2021 international $)"
9042,General government final consumption expenditure (constant 2015 US$)
9043,General government final consumption expenditure (constant LCU)
9046,GNI (constant 2015 US$)
9047,GNI (constant LCU)
9050,GNI per capita (constant 2015 US$)
9051,GNI per capita (constant LCU)
9054,"GNI per capita, PPP (constant 2021 international $)"
9057,"GNI, PPP (constant 2021 international $)"
9064,Gross capital formation (constant 2015 US$)
9065,Gross capital formation (constant LCU)
9068,Gross domestic income (constant LCU)
9071,Gross fixed capital formation (constant 2015 US$)
9072,Gross fixed capital formation (constant LCU)
9076,Gross national expenditure (constant 2015 US$)
9077,Gross national expenditure (constant LCU)
9083,Gross value added at basic prices (GVA) (constant 2015 US$)
9084,Gross value added at basic prices (GVA) (constant LCU)
9088,Households and NPISHs Final consumption expenditure (constant 2015 US$)
9089,Households and NPISHs Final consumption expenditure (constant LCU)
9092,Households and NPISHs Final consumption expenditure per capita (constant 2015 US$)
9093,"Households and NPISHs Final consumption expenditure, PPP (constant 2021 international $)"
9101,Imports of goods and services (constant 2015 US$)
9102,Imports of goods and services (constant LCU)
9106,"Industry (including construction), value added (constant 2015 US$)"
9107,"Industry (including construction), value added (constant LCU)"
9110,"Industry (including construction), value added per worker (constant 2015 US$)"
9122,"Manufacturing, value added (constant 2015 US$)"
9123,"Manufacturing, value added (constant LCU)"
9163,"Net ODA provided, total (constant 2021 US$)"
9247,"Services, value added (constant 2015 US$)"
9248,"Services, value added (constant LCU)"
9251,"Services, value added per worker (constant 2015 US$)"
9258,Taxes less subsidies on products (constant LCU)
9264,Terms of trade adjustment (constant LCU)
9272,"Water productivity, total (constant 2015 US$ GDP per cubic meter of total freshwater withdrawal)"
9274,Adjusted net national income (constant 2015 US$)
9276,Adjusted net national income per capita (constant 2015 US$)
9288,"Agriculture, forestry, and fishing, value added (constant 2015 US$)"
9289,"Agriculture, forestry, and fishing, value added (constant LCU)"
9292,"Agriculture, forestry, and fishing, value added per worker (constant 2015 US$)"
9316,Carbon intensity of GDP (kg CO2e per constant 2015 US$ of GDP)
9325,Discrepancy in expenditure estimate of GDP (constant LCU)
9327,Exports as a capacity to import (constant LCU)
9328,Exports of goods and services (constant 2015 US$)
9329,Exports of goods and services (constant LCU)
9332,External balance on goods and services (constant LCU)
9338,Final consumption expenditure (constant 2015 US$)
9339,Final consumption expenditure (constant LCU)
9348,GDP (constant 2015 US$)
9349,GDP (constant LCU)
9354,GDP per capita (constant 2015 US$)
9355,GDP per capita (constant LCU)
9358,"GDP per capita, PPP (constant 2021 international $)"
9360,GDP per person employed (constant 2021 PPP $)
9361,"GDP, PPP (constant 2021 international $)"
9364,General government final consumption expenditure (constant 2015 US$)
9365,General government final consumption expenditure (constant LCU)
9368,GNI (constant 2015 US$)
9369,GNI (constant LCU)
9372,GNI per capita (constant 2015 US$)
9373,GNI per capita (constant LCU)
9376,"GNI per capita, PPP (constant 2021 international $)"
9379,"GNI, PPP (constant 2021 international $)"
9382,Gross capital formation (constant 2015 US$)
9383,Gross capital formation (constant LCU)
9386,Gross domestic income (constant LCU)
9389,Gross fixed capital formation (constant 2015 US$)
9390,Gross fixed capital formation (constant LCU)
9393,Gross national expenditure (constant 2015 US$)
9394,Gross national expenditure (constant LCU)
9398,Gross value added at basic prices (GVA) (constant 2015 US$)
9399,Gross value added at basic prices (GVA) (constant LCU)
9402,Households and NPISHs Final consumption expenditure (constant 2015 US$)
9403,Households and NPISHs Final consumption expenditure (constant LCU)
9406,Households and NPISHs Final consumption expenditure per capita (constant 2015 US$)
9407,"Households and NPISHs Final consumption expenditure, PPP (constant 2021 international $)"
9410,Imports of goods and services (constant 2015 US$)
9411,Imports of goods and services (constant LCU)
9417,"Industry (including construction), value added (constant 2015 US$)"
9418,"Industry (including construction), value added (constant LCU)"
9421,"Industry (including construction), value added per worker (constant 2015 US$)"
9430,"Manufacturing, value added (constant 2015 US$)"
9431,"Manufacturing, value added (constant LCU)"
9465,"Net ODA provided, total (constant 2021 US$)"
9467,Net primary income (Net income from abroad) (constant LCU)
9525,"Services, value added (constant 2015 US$)"
9526,"Services, value added (constant LCU)"
9529,"Services, value added per worker (constant 2015 US$)"
9532,Taxes less subsidies on products (constant LCU)
9535,Terms of trade adjustment (constant LCU)
9542,"Water productivity, total (constant 2015 US$ GDP per cubic meter of total freshwater withdrawal)"
9558,"Agriculture, forestry, and fishing, value added (constant 2015 US$)"
9559,"Agriculture, forestry, and fishing, value added (constant LCU)"
9562,"Agriculture, forestry, and fishing, value added per worker (constant 2015 US$)"
9586,Carbon intensity of GDP (kg CO2e per constant 2015 US$ of GDP)
9618,GDP (constant 2015 US$)
9619,GDP (constant LCU)
9624,GDP per capita (constant 2015 US$)
9625,GDP per capita (constant LCU)
9628,"GDP per capita, PPP (constant 2021 international $)"
9630,GDP per person employed (constant 2021 PPP $)
9631,"GDP, PPP (constant 2021 international $)"
9637,Gross value added at basic prices (GVA) (constant 2015 US$)
9638,Gross value added at basic prices (GVA) (constant LCU)
9648,"Industry (including construction), value added (constant 2015 US$)"
9649,"Industry (including construction), value added (constant LCU)"
9652,"Industry (including construction), value added per worker (constant 2015 US$)"
9660,"Manufacturing, value added (constant 2015 US$)"
9661,"Manufacturing, value added (constant LCU)"
9726,Net official development assistance and official aid received (constant 2021 US$)
9728,Net official development assistance received (constant 2021 US$)
9799,"Services, value added (constant 2015 US$)"
9800,"Services, value added (constant LCU)"
9803,"Services, value added per worker (constant 2015 US$)"
9805,Taxes less subsidies on products (constant LCU)
9816,"Water productivity, total (constant 2015 US$ GDP per cubic meter of total freshwater withdrawal)"
9818,Adjusted net national income (constant 2015 US$)
9820,Adjusted net national income per capita (constant 2015 US$)
9836,"Agriculture, forestry, and fishing, value added (constant 2015 US$)"
9837,"Agriculture, forestry, and fishing, value added (constant LCU)"
9840,"Agriculture, forestry, and fishing, value added per worker (constant 2015 US$)"
9864,Carbon intensity of GDP (kg CO2e per constant 2015 US$ of GDP)
9867,Changes in inventories (constant LCU)
9888,Exports as a capacity to import (constant LCU)
9890,Exports of goods and services (constant 2015 US$)
9891,Exports of goods and services (constant LCU)
9904,Final consumption expenditure (constant 2015 US$)
9905,Final consumption expenditure (constant LCU)
9915,GDP (constant 2015 US$)
9916,GDP (constant LCU)
9921,GDP per capita (constant 2015 US$)
9922,GDP per capita (constant LCU)
9925,"GDP per capita, PPP (constant 2021 international $)"
9927,GDP per person employed (constant 2021 PPP $)
9928,"GDP, PPP (constant 2021 international $)"
9931,General government final consumption expenditure (constant 2015 US$)
9932,General government final consumption expenditure (constant LCU)
9935,GNI (constant 2015 US$)
9936,GNI (constant LCU)
9939,GNI per capita (constant 2015 US$)
9940,GNI per capita (constant LCU)
9943,"GNI per capita, PPP (constant 2021 international $)"
9946,"GNI, PPP (constant 2021 international $)"
9952,Gross capital formation (constant 2015 US$)
9953,Gross capital formation (constant LCU)
9956,Gross domestic income (constant LCU)
9959,Gross fixed capital formation (constant 2015 US$)
9960,Gross fixed capital formation (constant LCU)
9963,Gross national expenditure (constant 2015 US$)
9964,Gross national expenditure (constant LCU)
9970,Gross value added at basic prices (GVA) (constant 2015 US$)
9971,Gross value added at basic prices (GVA) (constant LCU)
9974,Households and NPISHs Final consumption expenditure (constant 2015 US$)
9975,Households and NPISHs Final consumption expenditure (constant LCU)
9978,Households and NPISHs Final consumption expenditure per capita (constant 2015 US$)
9979,"Households and NPISHs Final consumption expenditure, PPP (constant 2021 international $)"
9990,Imports of goods and services (constant 2015 US$)
9991,Imports of goods and services (constant LCU)
9998,"Industry (including construction), value added (constant 2015 US$)"
9999,"Industry (including construction), value added (constant LCU)"
10002,"Industry (including construction), value added per worker (constant 2015 US$)"
10011,"Manufacturing, value added (constant 2015 US$)"
10012,"Manufacturing, value added (constant LCU)"
10077,Net official development assistance and official aid received (constant 2021 US$)
10079,Net official development assistance received (constant 2021 US$)
10157,Taxes less subsidies on products (constant LCU)
10161,Terms of trade adjustment (constant LCU)
10170,"Water productivity, total (constant 2015 US$ GDP per cubic meter of total freshwater withdrawal)"
10173,Adjusted net national income (constant 2015 US$)
10175,Adjusted net national income per capita (constant 2015 US$)
10190,"Agriculture, forestry, and fishing, value added (constant 2015 US$)"
10191,"Agriculture, forestry, and fishing, value added (constant LCU)"
10194,"Agriculture, forestry, and fishing, value added per worker (constant 2015 US$)"
10215,Carbon intensity of GDP (kg CO2e per constant 2015 US$ of GDP)
10218,Changes in inventories (constant LCU)
10240,Exports as a capacity to import (constant LCU)
10242,Exports of goods and services (constant 2015 US$)
10243,Exports of goods and services (constant LCU)
10255,Final consumption expenditure (constant 2015 US$)
10256,Final consumption expenditure (constant LCU)
10265,GDP (constant 2015 US$)
10266,GDP (constant LCU)
10271,GDP per capita (constant 2015 US$)
10272,GDP per capita (constant LCU)
10275,"GDP per capita, PPP (constant 2021 international $)"
10277,GDP per person employed (constant 2021 PPP $)
10278,"GDP, PPP (constant 2021 international $)"
10281,General government final consumption expenditure (constant 2015 US$)
10282,General government final consumption expenditure (constant LCU)
10285,GNI (constant 2015 US$)
10286,GNI (constant LCU)
10289,GNI per capita (constant 2015 US$)
10290,GNI per capita (constant LCU)
10293,"GNI per capita, PPP (constant 2021 international $)"
10296,"GNI, PPP (constant 2021 international $)"
10302,Gross capital formation (constant 2015 US$)
10303,Gross capital formation (constant LCU)
10306,Gross domestic income (constant LCU)
10309,Gross fixed capital formation (constant 2015 US$)
10310,Gross fixed capital formation (constant LCU)
10314,Gross national expenditure (constant 2015 US$)
10315,Gross national expenditure (constant LCU)
10321,Gross value added at basic prices (GVA) (constant 2015 US$)
10322,Gross value added at basic prices (GVA) (constant LCU)
10325,Households and NPISHs Final consumption expenditure (constant 2015 US$)
10326,Households and NPISHs Final consumption expenditure (constant LCU)
10329,Households and NPISHs Final consumption expenditure per capita (constant 2015 US$)
10330,"Households and NPISHs Final consumption expenditure, PPP (constant 2021 international $)"
10341,Imports of goods and services (constant 2015 US$)
10342,Imports of goods and services (constant LCU)
10349,"Industry (including construction), value added (constant 2015 US$)"
10350,"Industry (including construction), value added (constant LCU)"
10353,"Industry (including construction), value added per worker (constant 2015 US$)"
10361,"Manufacturing, value added (constant 2015 US$)"
10362,"Manufacturing, value added (constant LCU)"
10428,Net official development assistance and official aid received (constant 2021 US$)
10430,Net official development assistance received (constant 2021 US$)
10504,"Services, value added (constant 2015 US$)"
10505,"Services, value added (constant LCU)"
10508,"Services, value added per worker (constant 2015 US$)"
10510,Taxes less subsidies on products (constant LCU)
10514,Terms of trade adjustment (constant LCU)
10520,"Water productivity, total (constant 2015 US$ GDP per cubic meter of total freshwater withdrawal)"
10523,Adjusted net national income (constant 2015 US$)
10525,Adjusted net national income per capita (constant 2015 US$)
10540,"Agriculture, forestry, and fishing, value added (constant 2015 US$)"
10541,"Agriculture, forestry, and fishing, value added (constant LCU)"
10544,"Agriculture, forestry, and fishing, value added per worker (constant 2015 US$)"
10562,Carbon intensity of GDP (kg CO2e per constant 2015 US$ of GDP)
10565,Changes in inventories (constant LCU)
10583,Exports as a capacity to import (constant LCU)
10585,Exports of goods and services (constant 2015 US$)
10586,Exports of goods and services (constant LCU)
10598,Final consumption expenditure (constant 2015 US$)
10599,Final consumption expenditure (constant LCU)
10608,GDP (constant 2015 US$)
10609,GDP (constant LCU)
10614,GDP per capita (constant 2015 US$)
10615,GDP per capita (constant LCU)
10618,"GDP per capita, PPP (constant 2021 international $)"
10620,GDP per person employed (constant 2021 PPP $)
10621,"GDP, PPP (constant 2021 international $)"
10624,General government final consumption expenditure (constant 2015 US$)
10625,General government final consumption expenditure (constant LCU)
10628,GNI (constant 2015 US$)
10629,GNI (constant LCU)
10632,GNI per capita (constant 2015 US$)
10633,GNI per capita (constant LCU)
10636,"GNI per capita, PPP (constant 2021 international $)"
10639,"GNI, PPP (constant 2021 international $)"
10645,Gross capital formation (constant 2015 US$)
10646,Gross capital formation (constant LCU)
10649,Gross domestic income (constant LCU)
10652,Gross fixed capital formation (constant 2015 US$)
10653,Gross fixed capital formation (constant LCU)
10657,Gross national expenditure (constant 2015 US$)
10658,Gross national expenditure (constant LCU)
10664,Gross value added at basic prices (GVA) (constant 2015 US$)
10665,Gross value added at basic prices (GVA) (constant LCU)
10668,Households and NPISHs Final consumption expenditure (constant 2015 US$)
10669,Households and NPISHs Final consumption expenditure (constant LCU)
10672,Households and NPISHs Final consumption expenditure per capita (constant 2015 US$)
10673,"Households and NPISHs Final consumption expenditure, PPP (constant 2021 international $)"
10683,Imports of goods and services (constant 2015 US$)
10684,Imports of goods and services (constant LCU)
10691,"Industry (including construction), value added (constant 2015 US$)"
10692,"Industry (including construction), value added (constant LCU)"
10695,"Industry (including construction), value added per worker (constant 2015 US$)"
10704,"Manufacturing, value added (constant 2015 US$)"
10705,"Manufacturing, value added (constant LCU)"
10768,Net official development assistance and official aid received (constant 2021 US$)
10770,Net official development assistance received (constant 2021 US$)
10839,"Services, value added (constant 2015 US$)"
10840,"Services, value added (constant LCU)"
10843,"Services, value added per worker (constant 2015 US$)"
10845,Taxes less subsidies on products (constant LCU)
10849,Terms of trade adjustment (constant LCU)
10855,"Water productivity, total (constant 2015 US$ GDP per cubic meter of total freshwater withdrawal)"
10898,GDP per capita (constant 2015 US$)
10963,Net official development assistance and official aid received (constant 2021 US$)
10965,Net official development assistance received (constant 2021 US$)
11025,"Water productivity, total (constant 2015 US$ GDP per cubic meter of total freshwater withdrawal)"
11041,"Agriculture, forestry, and fishing, value added (constant 2015 US$)"
11042,"Agriculture, forestry, and fishing, value added (constant LCU)"
11045,"Agriculture, forestry, and fishing, value added per worker (constant 2015 US$)"
11067,Carbon intensity of GDP (kg CO2e per constant 2015 US$ of GDP)
11101,GDP (constant 2015 US$)
11102,GDP (constant LCU)
11107,GDP per capita (constant 2015 US$)
11108,GDP per capita (constant LCU)
11111,"GDP per capita, PPP (constant 2021 international $)"
11113,GDP per person employed (constant 2021 PPP $)
11114,"GDP, PPP (constant 2021 international $)"
11128,Gross value added at basic prices (GVA) (constant 2015 US$)
11129,Gross value added at basic prices (GVA) (constant LCU)
11143,"Industry (including construction), value added (constant 2015 US$)"
11144,"Industry (including construction), value added (constant LCU)"
11147,"Industry (including construction), value added per worker (constant 2015 US$)"
11215,Net official development assistance and official aid received (constant 2021 US$)
11217,Net official development assistance received (constant 2021 US$)
11290,"Services, value added (constant 2015 US$)"
11291,"Services, value added (constant LCU)"
11294,"Services, value added per worker (constant 2015 US$)"
11307,"Water productivity, total (constant 2015 US$ GDP per cubic meter of total freshwater withdrawal)"
11323,"Agriculture, forestry, and fishing, value added (constant 2015 US$)"
11324,"Agriculture, forestry, and fishing, value added (constant LCU)"
11327,"Agriculture, forestry, and fishing, value added per worker (constant 2015 US$)"
11351,Carbon intensity of GDP (kg CO2e per constant 2015 US$ of GDP)
11368,Exports as a capacity to import (constant LCU)
11369,Exports of goods and services (constant 2015 US$)
11370,Exports of goods and services (constant LCU)
11391,GDP (constant 2015 US$)
11392,GDP (constant LCU)
11397,GDP per capita (constant 2015 US$)
11398,GDP per capita (constant LCU)
11401,"GDP per capita, PPP (constant 2021 international $)"
11403,GDP per person employed (constant 2021 PPP $)
11404,"GDP, PPP (constant 2021 international $)"
11420,Gross domestic income (constant LCU)
11428,Gross value added at basic prices (GVA) (constant 2015 US$)
11429,Gross value added at basic prices (GVA) (constant LCU)
11441,Imports of goods and services (constant 2015 US$)
11442,Imports of goods and services (constant LCU)
11448,"Industry (including construction), value added (constant 2015 US$)"
11449,"Industry (including construction), value added (constant LCU)"
11450,"Industry (including construction), value added per worker (constant 2015 US$)"
11458,"Manufacturing, value added (constant 2015 US$)"
11459,"Manufacturing, value added (constant LCU)"
11521,Net official development assistance and official aid received (constant 2021 US$)
11523,Net official development assistance received (constant 2021 US$)
11585,"Services, value added (constant 2015 US$)"
11586,"Services, value added (constant LCU)"
11589,"Services, value added per worker (constant 2015 US$)"
11594,Terms of trade adjustment (constant LCU)
11602,"Water productivity, total (constant 2015 US$ GDP per cubic meter of total freshwater withdrawal)"
11637,Carbon intensity of GDP (kg CO2e per constant 2015 US$ of GDP)
11640,Changes in inventories (constant LCU)
11655,Exports as a capacity to import (constant LCU)
11656,Exports of goods and services (constant LCU)
11668,Final consumption expenditure (constant LCU)
11675,GDP (constant 2015 US$)
11676,GDP (constant LCU)
11681,GDP per capita (constant 2015 US$)
11682,GDP per capita (constant LCU)
11685,"GDP per capita, PPP (constant 2021 international $)"
11687,GDP per person employed (constant 2021 PPP $)
11688,"GDP, PPP (constant 2021 international $)"
11691,General government final consumption expenditure (constant LCU)
11694,GNI (constant LCU)
11697,GNI per capita (constant LCU)
11700,"GNI per capita, PPP (constant 2021 international $)"
11703,"GNI, PPP (constant 2021 international $)"
11707,Gross capital formation (constant LCU)
11710,Gross domestic income (constant LCU)
11713,Gross fixed capital formation (constant LCU)
11716,Gross national expenditure (constant LCU)
11722,Households and NPISHs Final consumption expenditure (constant LCU)
11725,"Households and NPISHs Final consumption expenditure, PPP (constant 2021 international $)"
11734,Imports of goods and services (constant LCU)
11798,Net official development assistance and official aid received (constant 2021 US$)
11800,Net official development assistance received (constant 2021 US$)
11864,Terms of trade adjustment (constant LCU)
11872,"Water productivity, total (constant 2015 US$ GDP per cubic meter of total freshwater withdrawal)"
